INSERT INTO infopoint_attractions (attractionuuid, waiting_time, name, description, icon_url, image_url, x, y,
                                   min_height, min_age, is_open)
VALUES ('abfa469e-9642-4ea6-ba99-cc2aafeb977c', 0, 'Python',
        'Escape the stranglehold of the Python who’s patiently waiting for you. Survive the twists and turns at great heights on this steel roller coaster with its double loop and corkscrew.',
        'https://images.coasterpedia.net/8/81/Python_logo2005.png',
        'https://images.squarespace-cdn.com/content/v1/6030664b847e1312f531e3cf/1621205601136-DV306CS3KTOLIN30AYEF/DSC_0405.jpg',
        400, 550, 120, 10, true),
       ('018b3dcc-21e4-71b1-94da-8bfca7b85b51', 0, 'De Vliegende Hollander',
        'Despite the bad weather, Captain Willem van der Decken set out to sea with his ship De Hollander looking for wealth and riches. His greed was so great, that he ordered his crew to sail on Easter Sunday, although it was forbidden. Since that day, everyone on board is doomed to sail forever on the seven seas. Nowadays, the red-sailed ship is still sailing around the world... people called it De Vliegende Hollander.',
        'https://ih1.redbubble.net/image.5240304200.9924/flat,750x,075,f-pad,750x1000,f8f8f8.jpg',
        'https://www.efteling.com/en/-/media/images/nieuw-park/park/attractions/vliegende-hollander/1024x576-vliegende-hollander-water-overzicht.jpg?h=270&w=500&hash=7A5A81A543592B62EF1E884CD8979394',
        250, 700, 110, 8, true),
       ('018b3dcc-3933-70c1-8427-fcff8c74d27b', 0, 'Baron 1898',
        'To enter the mine, Baron 1898 plunges you down a 37.5 m free fall into the mineshaft at a speed of 90 km/h. Dare to embark on this wild ride? Be warned: even the bravest will have their hair standing on end!',
        'https://bolt-gcdn.sc-cdn.net/3/FQkF9WbfKBflCb7KhU15V?bo=EhgaABoAMgF9OgEEQgYIy7778QVIAlASYAE%3D&uc=18',
        'https://www.efteling.com/en/-/media/images/nieuw-park/park/attractions/baron-1898/1024x576-baron-1898-2.jpg',
        550, 400, 130, 12, true),
       ('018b3dcc-47c3-723a-81a1-05c89dd9ee59', 0, 'Joris en de Draak',
        'Slay the dragon that terrorises the kingdom. All warriors are challenged to take one of the tracks to hunt the beast down with water or fire. Only those who succeed will be greatly honored after a ride on this double-track wooden racer rollercoaster.',
        'https://ih0.redbubble.net/image.5239026587.5640/raf,360x360,075,t,fafafa:ca443f4786.jpg',
        'https://upload.wikimedia.org/wikipedia/commons/4/4d/Joris_en_de_Draak_-_Dragon.JPG', 700, 250, 120, 10, true),
       ('018b3dcc-5472-70ab-a1f2-b7253ec183d8', 0, 'Symbolica',
        'Come and visit the indoor family attraction Symbolica. An enchanting palace in which nothing is what it seems. Enjoy an audience with the King together. Magic Jester Pardoes will ensure that every visit is surprising and enchanting. Let yourself be led along the secret corridors through into magical rooms and be amazed time after time.',
        'https://www.looopings.nl/img/foto/261015symbolica.jpg',
        'https://www.efteling.com/nl/-/media/images/nieuw-park/park/attractions/symbolica/1024x576-koningszaal-symbolica-efteling.jpg',
        600, 600, 100, 6, true),
       ('018b3dcc-63df-7b9a-9612-d631708329b0', 0, 'Droomvlucht',
        'Unicorns and forest animals come to life. And when night falls, cities are float endlessly through the darkness. When the sun comes up, the enchanting forest awakens in this indoor dark ride: Droomvlucht.',
        'https://www.efteling.com/nl/-/media/images/nieuw-park/park/attractions/droomvlucht/carousel/800x960-droomvlucht-carousel-city.png?h=960&w=800&la=nl&hash=CC3AA3098777DDA92A38A70AA7DC3E4F',
        'https://www.efteling.com/nl/-/media/images/nieuw-park/park/attractions/droomvlucht/1024x576-droomvlucht-elfjes-zittend-op-tak.jpg',
        350, 800, 100, 6, true),
       ('018b3dcc-7178-7be1-b871-917ef24f4285', 0, 'Fata Morgana',
        'Hundreds of treasures are glittering in the dark. And while the Sultan surrounds himself with women and precious gems, the dark cellars are filled with criminals and rats. Spend some time on the water and discover scenes from the Far East. The boat takes you through neighbourhoods of poverty and wealth where a giant protects the Sultan''s most precious possessions: gems, jewellery and gold coins.',
        'https://www.wonderlijkewcweb.org/attracties/fata_morgana/overige_foto/t-shirt_print.jpg',
        'https://www.efteling.com/nl/-/media/images/nieuw-park/park/1024x576-fata-morgana-bootrit-2.jpg',
        800, 350, 100, 6, true),
       ('018b3dcc-7ebd-7a67-b44f-8bbe426372a6', 0, 'Piraña',
        'In a land far away a wild river takes you past waterfalls, rocks and totem poles. The momentum of the water determines your route in this paddle-less adventure. Try to brave this 350 meter long wild water river and stay dry!',
        'https://www.animaatjes.nl/plaatjes/e/efteling-pins/animaatjes-efteling-pins-4462005.jpg',
        'https://www.efteling.com/nl/-/media/images/nieuw-park/park/attractions/pirana/1024x576-pirana-waterbeelden.jpg',
        500, 700, 100, 6, true),
       ('018b3dcc-8e9a-7eec-9228-f5598513f3d8', 0, 'Vogel Rok',
        'The Vogel Rok takes you on an high speed adventure. In its talons you’ll experience a terrifying flight in the dark passing serpents galore until this bird of prey, with the strength of a hundred lions, reaches its nest. You''ll feel like Sindbad the Sailor on one of his adventures!',
        'https://www.animaatjes.nl/plaatjes/e/efteling-pins/animaatjes-efteling-pins-4043399.jpg',
        'https://www.efteling.com/nl/-/media/images/blog/backstage/20181008-onderhoud-vogel-rok/600x450-vogelrok.jpg?w=1200&hash=4DC0E43303965440296F5A80878EB364',
        700, 500, 100, 6, true),
       ('018b3dcc-9b3e-7fdc-9aec-94f45de15646', 0, 'Max & Moritz',
        'On the Max & Moritz double roller coaster, you and the whole family experience an exciting and crazy ride full of tricks. Escape from the cuckoo clock workshop with Max and Moritz in one of their soapboxes. But be careful, you may encounter a little mischief from the boys along the way! Which track will you choose, Max or Moritz?',
        'https://www.deutschland.de/sites/default/files/field_visuals/literature-comics-max-moritz-wilhelm-busch-erlangen-international-comic-salon_a.jpg',
        'https://upload.wikimedia.org/wikipedia/commons/c/c1/Efteling_Max_%26_Moritz_station_trein_van_Max.jpg',
        800, 600, 100, 6, true);

INSERT INTO ipattraction_jpa_entity_tags (ipattraction_jpa_entity_attractionuuid, tags)
VALUES ('abfa469e-9642-4ea6-ba99-cc2aafeb977c', 'WILD'),
       ('abfa469e-9642-4ea6-ba99-cc2aafeb977c', 'ADVENTURE'),
       ('018b3dcc-21e4-71b1-94da-8bfca7b85b51', 'WILD'),
       ('018b3dcc-21e4-71b1-94da-8bfca7b85b51', 'ADVENTURE'),
       ('018b3dcc-21e4-71b1-94da-8bfca7b85b51', 'DARKRIDE'),
       ('018b3dcc-3933-70c1-8427-fcff8c74d27b', 'WILD'),
       ('018b3dcc-3933-70c1-8427-fcff8c74d27b', 'ADVENTURE'),
       ('018b3dcc-3933-70c1-8427-fcff8c74d27b', 'DARKRIDE'),
       ('018b3dcc-47c3-723a-81a1-05c89dd9ee59', 'WILD'),
       ('018b3dcc-47c3-723a-81a1-05c89dd9ee59', 'ADVENTURE'),
       ('018b3dcc-5472-70ab-a1f2-b7253ec183d8', 'DARKRIDE'),
       ('018b3dcc-5472-70ab-a1f2-b7253ec183d8', 'FANTASY'),
       ('018b3dcc-63df-7b9a-9612-d631708329b0', 'DARKRIDE'),
       ('018b3dcc-63df-7b9a-9612-d631708329b0', 'FANTASY'),
       ('018b3dcc-7178-7be1-b871-917ef24f4285', 'DARKRIDE'),
       ('018b3dcc-7178-7be1-b871-917ef24f4285', 'FANTASY'),
       ('018b3dcc-7ebd-7a67-b44f-8bbe426372a6', 'WILD'),
       ('018b3dcc-7ebd-7a67-b44f-8bbe426372a6', 'ADVENTURE'),
       ('018b3dcc-8e9a-7eec-9228-f5598513f3d8', 'WILD'),
       ('018b3dcc-8e9a-7eec-9228-f5598513f3d8', 'ADVENTURE'),
       ('018b3dcc-8e9a-7eec-9228-f5598513f3d8', 'DARKRIDE'),
       ('018b3dcc-9b3e-7fdc-9aec-94f45de15646', 'DARKRIDE'),
       ('018b3dcc-9b3e-7fdc-9aec-94f45de15646', 'WILD');

insert into infopoint_gates (gateuuid, x, y)
VALUES ('a1f84b64-60c2-4f8e-81b3-51fb25b86e9d', 911, 160),
       ('e26fe6c7-3d8b-4e0b-99e5-6e459d21801e', 942, 296),
       ('823537eb-c999-4a59-b9d5-3562ed0e5c4b', 958, 490),
       ('a63a80e3-8a1e-47f8-9a5f-b42e61421c83', 908, 744),
       ('1e2c2aa5-ece1-472f-baad-6830c2356a7f', 847, 912),
       ('51b8d85a-1906-49a3-aa57-914f1ed6fffe', 652, 918),
       ('c518dbfb-62dd-44f2-88b7-e9c3e1ffca72', 448, 913),
       ('c89c7c9b-89da-4c1c-b2b0-8f17f47034bc', 213, 21),
       ('190f292a-7e25-4e71-a4b9-8c1a7d0ec5f1', 354, 16),
       ('9c8f69d3-e0e6-4df1-9f90-dcb45f3ce927', 547, 16);
